,id,conversation_id,created_at,date,time,timezone,user_id,username,name,place,tweet,language,mentions,urls,photos,replies_count,retweets_count,likes_count,hashtags,cashtags,link,polarity,subjectivity
0,1550999167748694017,1550999167748694017,2022-07-23 17:19:52 PDT,2022-07-23,17:19:52,-700,2371339658,repjimmygomez,Rep. Jimmy Gomez,,"Great to see so many new and familiar faces at our #CA34 town hall today!  It was a pleasure to host this event at the Anderson Munger Family YMCA in #Koreatown, where I got to hear from so many members of the diverse communities I represent.  Thanks to everyone who came out!  https://t.co/pRr2gEj9yT",en,[],[],"['https://pbs.twimg.com/media/FYZBg2dWIAIBjyN.jpg', 'https://pbs.twimg.com/media/FYZBg2bWYAAqKZ3.jpg', 'https://pbs.twimg.com/media/FYZBg2eXkAE_k85.jpg', 'https://pbs.twimg.com/media/FYZBg2cXkAEx4wm.jpg']",0,5,14,"['ca34', 'koreatown']",[],https://twitter.com/RepJimmyGomez/status/1550999167748694017,0.44251893939393944,0.4840909090909091
1,1542319507724812288,1542319507724812288,2022-06-29 18:30:00 PDT,2022-06-29,18:30:00,-700,3638215945,mirrornow,Mirror Now,,Munger News: The video which has gone viral showed students writing their papers in the dark hall by using the flashlights of their mobile phones.   https://t.co/qjtOafJl4E,en,[],['https://bit.ly/3NvXtJI'],[],0,1,1,[],[],https://twitter.com/MirrorNow/status/1542319507724812288,-0.15,0.4
2,1532397095683928065,1532397095683928065,2022-06-02 09:21:52 PDT,2022-06-02,9:21:52,-700,587852239,tracylehrnews,Tracy Lehr,,Students host #Munger Hall response panel  https://t.co/suy8hmeMga,en,[],['https://keyt.com/news/education/2022/06/01/students-host-munger-hall-response-panel/'],[],0,0,2,['munger'],[],https://twitter.com/TracyLehrNews/status/1532397095683928065,0.0,0.0
3,1532183679719444480,1532183679719444480,2022-06-01 19:13:50 PDT,2022-06-01,19:13:50,-700,587852239,tracylehrnews,Tracy Lehr,,Students host #Munger Hall response panel  https://t.co/suy8hmeMga,en,[],['https://keyt.com/news/education/2022/06/01/students-host-munger-hall-response-panel/'],[],0,1,0,['munger'],[],https://twitter.com/TracyLehrNews/status/1532183679719444480,0.0,0.0
4,1532111273801920513,1532111273801920513,2022-06-01 14:26:07 PDT,2022-06-01,14:26:07,-700,1259979349,johnpalminteri,John Palminteri,,"Proposed to be 11 stories for 4500 students with some windowless rooms, what do you think of the Munger Hall proposal at UC Santa Barbara?  Tonight you can comment in person.  https://t.co/E2A40WQXqu",en,[],[],['https://pbs.twimg.com/media/FUMmxv9UYAAiFDi.jpg'],3,3,3,[],[],https://twitter.com/JohnPalminteri/status/1532111273801920513,0.0,0.0
5,1512913287792541698,1512913287792541698,2022-04-09 15:00:11 PDT,2022-04-09,15:00:11,-700,582280139,newschannel312,News Channel 3-12,,"UCSB is moving forward with design review for Munger Hall, a massive dorm that would house 4500 students. The 11-story building would not have windows in most student dorm rooms.  https://t.co/TvVsDsUwfe",en,[],['https://keyt.com/news/santa-barbara-s-county/2022/04/08/ucsb-no-longer-using-hotels-to-house-students/'],[],6,0,3,[],[],https://twitter.com/NewsChannel312/status/1512913287792541698,0.25,0.75
6,1508219827219054593,1508219827219054593,2022-03-27 16:10:02 PDT,2022-03-27,16:10:02,-700,15113565,uscg,U.S. Coast Guard,,MST2 Thomas Unger from #USCG Sector Key West created this painting using oil from the vessel Munger T. Ball for the Coast Guard Art Program. The painting will be displayed in New York City at the Federal Hall National Memorial and at the Union League Club.  https://t.co/fgPG4tWDht,en,[],[],['https://pbs.twimg.com/media/FO5F8NfXsAwN2iG.jpg'],0,13,85,['uscg'],[],https://twitter.com/USCG/status/1508219827219054593,0.06818181818181818,0.7272727272727273
7,1493635172494835713,1493635172494835713,2022-02-15 09:15:50 PST,2022-02-15,9:15:50,-700,40082907,patrickcsisson,Patrick Sisson,,"Berkeley, build Munger Hall and be legends",en,[],[],[],2,0,6,[],[],https://twitter.com/patrickcsisson/status/1493635172494835713,0.0,0.0
8,1468668704821030918,1468668704821030918,2021-12-08 11:48:00 PST,2021-12-08,11:48:00,-700,12413032,chronicle,The Chronicle of Higher Education,,"In one fell swoop, Munger Hall could deliver more than 4,500 beds to a university facing legal threats over its housing shortage. But there's a catch: Students would have to sleep in windowless bedrooms.  https://t.co/Y4LUXURj4J",en,[],['https://bit.ly/3oAfsFv'],[],0,4,7,[],[],https://twitter.com/chronicle/status/1468668704821030918,0.35,0.35
9,1466500511180410892,1466500511180410892,2021-12-02 12:12:22 PST,2021-12-02,12:12:22,-700,56510427,motherboard,Motherboard,,"The practical problems introduced by UCSB's Munger Hall are just the beginning. To experts who study the importance of natural light in living environments, Dormzilla is an ethical nightmare.  https://t.co/L2LOBuNxix  https://t.co/12pMx4BEsl",en,[],['http://trib.al/9auuEzW'],['https://pbs.twimg.com/media/FFoN-kKXoAw6w6n.jpg'],1,2,6,[],[],https://twitter.com/motherboard/status/1466500511180410892,0.2333333333333333,0.5666666666666668
10,1466458464419524609,1466449348456329224,2021-12-02 09:25:18 PST,2021-12-02,9:25:18,-700,56510427,motherboard,Motherboard,,"At one point, the student who couch surfed their way through the academic year, Izzy Bahamonde-Partlan, ""would have taken literally anything"" that provided a roof over their head.  But even they think Munger Hall is no solution.  https://t.co/L2LOBuNxix",en,[],['http://trib.al/9auuEzW'],[],2,5,29,[],[],https://twitter.com/motherboard/status/1466458464419524609,0.0,0.0
11,1466454886950875140,1466449348456329224,2021-12-02 09:11:05 PST,2021-12-02,9:11:05,-700,56510427,motherboard,Motherboard,,Professors learned that UCSB could cite no research to support its arguments that Munger Hall‚Äôs windowless bedrooms are more than glorified torture chambers.  Researchers doubt Munger Hall could even be approved by an ethics committee as an experiment.  https://t.co/L2LOBuNxix,en,[],['http://trib.al/9auuEzW'],[],1,23,65,[],[],https://twitter.com/motherboard/status/1466454886950875140,0.5,0.5
12,1466452987694530578,1466449348456329224,2021-12-02 09:03:32 PST,2021-12-02,9:03:32,-700,56510427,motherboard,Motherboard,,"Motherboard previously reported on Dormzilla when an architect on UCSB's campus design review committee, Dennis McFadden, resigned in protest over the project.  And he's not the only expert/human being who thinks Munger Hall is an awful idea.  https://t.co/sHt9NAu2uJ",en,[],['https://www.vice.com/en/article/3abzkj/billionaire-seeks-to-build-windowless-dorm-in-social-and-psychological-experiment'],[],9,27,85,[],[],https://twitter.com/motherboard/status/1466452987694530578,-0.3888888888888889,0.7222222222222223
13,1466451843735769089,1466449348456329224,2021-12-02 08:58:59 PST,2021-12-02,8:58:59,-700,56510427,motherboard,Motherboard,,"When UCSB fourth-year student Tommy Young found out about the new Munger Hall (aka Dormzilla), ‚Äúmy first reaction was this must be satire. There‚Äôs no way this could be seriously proposed,"" he told Motherboard.  https://t.co/L2LOBuNxix",en,[],['http://trib.al/9auuEzW'],[],4,18,97,[],[],https://twitter.com/motherboard/status/1466451843735769089,0.038257575757575754,0.4636363636363636
14,1466181000074039300,1466181000074039300,2021-12-01 15:02:45 PST,2021-12-01,15:02:45,-700,13179562,slotribune,The Tribune,,"Charles Munger, whose design for a massive UCSB residence hall has been described as ‚Äújail-like,‚Äù also bankrolled student housing at the University of Michigan.  https://t.co/7O5aKLqldE",en,[],['https://trib.al/OUE12wV'],[],0,0,0,[],[],https://twitter.com/SLOTribune/status/1466181000074039300,0.0,1.0
15,1465729209578532871,1465729209578532871,2021-11-30 09:07:30 PST,2021-11-30,9:07:30,-700,2343910962,republicagt,Rep√∫blica.,,"El proyecto Munger Hall est√° ya en marcha a pesar de que ha provocado burlas, dimisiones, cr√≠ticas y campa√±as de rechazo.  https://t.co/TkrTlLyOBO",es,[],['https://www.republicainmobiliaria.com/editorial/edificio-sin-ventanas-ventilacion-munger-hall/?utm_medium=Social&utm_source=Twitter#Echobox=1638290752-1'],[],0,0,0,[],[],https://twitter.com/republicagt/status/1465729209578532871,0.0,0.0
16,1465517423033991169,1465517423033991169,2021-11-29 19:05:56 PST,2021-11-29,19:05:56,-700,2343910962,republicagt,Rep√∫blica.,,El edificio sin ventanas ni ventilaci√≥n del que todo el mundo habla: Munger Hall - Rep√∫blica Inmobiliaria  https://t.co/doKMeN3BPv,es,[],['https://www.republicainmobiliaria.com/editorial/edificio-sin-ventanas-ventilacion-munger-hall/?utm_medium=Social&utm_source=Twitter#Echobox=1638231522-1'],[],1,0,1,[],[],https://twitter.com/republicagt/status/1465517423033991169,0.0,0.0
17,1465351848303472646,1465351848303472646,2021-11-29 08:08:00 PST,2021-11-29,8:08:00,-700,14209318,idealista,idealista,,"Munger Hall, el edificio sin ventanas ni ventilaci√≥n del que todo el mundo habla  https://t.co/i6K5hBUpx7",es,[],['https://www.idealista.com/news/inmobiliario/internacional/2021/11/29/793545-munger-hall-el-edificio-sin-ventanas-ni-ventilacion-del-que-todo-el-mundo-habla'],[],0,0,1,[],[],https://twitter.com/idealista/status/1465351848303472646,0.0,0.0
18,1464640260516761605,1464640260516761605,2021-11-27 09:00:24 PST,2021-11-27,9:00:24,-700,51040617,architizer,Architizer,,"@UCSantaBarbara: Next time, hire an architect. #MungerHall #dormzilla  https://t.co/LwoAyAk9jc",en,[],['https://architizer.com/blog/inspiration/stories/worlds-most-hated-floor-plan-munger-hall/?taid=61a108ec78586b0001286f3a&utm_campaign=trueanthem&utm_medium=trueanthem&utm_source=twitter'],[],0,3,2,"['mungerhall', 'dormzilla']",[],https://twitter.com/Architizer/status/1464640260516761605,0.0,0.0
19,1463876687767252992,1463876687767252992,2021-11-25 06:26:14 PST,2021-11-25,6:26:14,-700,151252784,sebakatz,Sebasti√°n Katz,,"Munger Hall, el edificio m√°s odiado del mundo que prev√© pantallas en vez de ventanas.  https://t.co/sTWdXPuprJ  https://t.co/xRlJH5oNaG",es,[],['https://www.elmundo.es/cultura/2021/11/24/619d0e34fdddff72958b459e.html'],"['https://pbs.twimg.com/media/FFC8FVUXsAItBQy.jpg', 'https://pbs.twimg.com/media/FFC8FhkXMAYPlqS.jpg', 'https://pbs.twimg.com/media/FFC8FtLXsAYYEuw.jpg']",0,0,2,[],[],https://twitter.com/sebakatz/status/1463876687767252992,0.0,0.0
20,1463522167761649669,1463522167761649669,2021-11-24 06:57:30 PST,2021-11-24,6:57:30,-700,133257414,elmundocultura,El Mundo Cultura,,"Munger Hall, el edificio m√°s odiado del mundo que prev√© pantallas en vez de ventanas  https://t.co/s0jsRVCSTF",es,[],['https://www.elmundo.es/cultura/2021/11/24/619d0e34fdddff72958b459e.html'],[],0,0,0,[],[],https://twitter.com/elmundocultura/status/1463522167761649669,0.0,0.0
21,1462490747006074880,1462490747006074880,2021-11-21 10:39:00 PST,2021-11-21,10:39:00,-700,21656055,theweekuk,The Week UK,,"Munger Hall ‚Äì dubbed ‚ÄúDormzilla‚Äù by critics ‚Äì will look and feel like ‚Äúa self-storage warehouse‚Äù, said @HenryGrabar on Slate.  https://t.co/TeIqmb20xt",en,"[{'screen_name': 'henrygrabar', 'name': 'henry grabar', 'id': '634834812'}]",['https://www.theweek.co.uk/news/world-news/us/954850/dormzilla-munger-hall-university-of-california-santa-barbara'],[],0,1,1,[],[],https://twitter.com/TheWeekUK/status/1462490747006074880,0.0,0.0
22,1459325141138219011,1459325141138219011,2021-11-12 17:00:01 PST,2021-11-12,17:00:01,-700,35511525,amconmag,The American Conservative,,"""Architecture, ideally, should serve to meet human needs. Munger Hall reverses this: It is designed to create new human needs to be fulfilled.""  https://t.co/cpBOe5bhm8",en,[],['https://buff.ly/3D8UItv'],[],1,3,9,[],[],https://twitter.com/amconmag/status/1459325141138219011,0.2590909090909091,0.4136363636363637
23,1458914661626220545,1458914661626220545,2021-11-11 13:48:55 PST,2021-11-11,13:48:55,-700,848251890,mkfresh1,Mitchell Kriegman,,THIS JUST IN! Turns out horse stables are a lot more generous then UCSBs Munger Hall. Neigh!#mungerhall #ucsb #ucsbmungerhall #collegedorms  https://t.co/ODnZJqnPT6,en,[],['https://www.instagram.com/p/CWJrb95lZ5X/?utm_medium=twitter'],[],0,0,0,"['mungerhall', 'ucsb', 'ucsbmungerhall', 'collegedorms']",[],https://twitter.com/mkfresh1/status/1458914661626220545,0.5,0.5
24,1458434302413258757,1458434302413258757,2021-11-10 06:00:08 PST,2021-11-10,6:00:08,-700,51040617,architizer,Architizer,,".@UCSantaBarbara: Next time, hire an architect. #MungerHall #dormzilla   https://t.co/lpHomaV7sf",en,"[{'screen_name': 'ucsantabarbara', 'name': 'uc santa barbara', 'id': '18105473'}]",['https://architizer.com/blog/inspiration/stories/worlds-most-hated-floor-plan-munger-hall/?taid=618bd06874f8de0001e8588f&utm_campaign=trueanthem&utm_medium=trueanthem&utm_source=twitter'],[],1,5,37,"['mungerhall', 'dormzilla']",[],https://twitter.com/Architizer/status/1458434302413258757,0.0,0.0
25,1457890701295947776,1457890701295947776,2021-11-08 18:00:04 PST,2021-11-08,18:00:04,-700,23092247,wnpr,Connecticut Public,,"Inspired by the debate around @ucsantabarbara‚Äôs Munger Hall windowless dorm design, @wnprcolin discusses architecture that makes humans feel bad, and the ethics of architecture.  https://t.co/hBxFbwisAd",en,"[{'screen_name': 'ucsantabarbara', 'name': 'uc santa barbara', 'id': '18105473'}]",['https://trib.al/hJy8h3K'],[],0,0,0,[],[],https://twitter.com/wnpr/status/1457890701295947776,-0.6999999999999998,0.6666666666666666
26,1457241410063646720,1457241410063646720,2021-11-07 00:00:01 PDT,2021-11-07,0:00:01,-700,225096034,themarysue,The Mary Sue,,Dennis McFadden called Munger Hall a ‚Äúsocial and psychological experiment.‚Äù   https://t.co/nNnxa7PL6r,en,[],['https://www.themarysue.com/architect-quits-in-protest-over-uc-santa-barbara-nightmare-dorm-proposal/'],[],0,3,8,[],[],https://twitter.com/TheMarySue/status/1457241410063646720,0.016666666666666666,0.08333333333333334
27,1457121523739803653,1457121182952706050,2021-11-06 16:03:37 PDT,2021-11-06,16:03:37,-700,14209664,rezendi,Jon Evans,,"""The city of Santa Barbara has permitted fewer than 500 apartments over the past half-decade. (Each floor of Munger Hall would have more than 500 units.)... Dormzilla is hardly a perfect project... We need housing. If we made it easier to build, there would be more to go around.""",en,[],[],[],0,0,1,[],[],https://twitter.com/rezendi/status/1457121523739803653,0.4375,0.5625
28,1457031291287838720,1457031291287838720,2021-11-06 10:05:04 PDT,2021-11-06,10:05:04,-700,48716479,nonpareilonline,Daily Nonpareil,,Charlie Munger's comments to an architecture trade publication came after the Berkshire Hathaway vice chairman endured widespread criticism over his design of a residence hall with few rooms with a window.  https://t.co/YLlVlgS7V6,en,[],['https://nonpareilonline.com/news/local/education/munger-pushes-back-against-critics-of-planned-college-dorm/article_e7f37abe-ab3c-59df-af79-d25b92c82ae8.html?utm_campaign=snd-autopilot&utm_medium=social&utm_source=twitter_nonpareilonline'],[],0,1,1,[],[],https://twitter.com/nonpareilonline/status/1457031291287838720,-0.2,0.1
29,1457031291212288004,1457031291212288004,2021-11-06 10:05:04 PDT,2021-11-06,10:05:04,-700,10191572,theindependent,The Grand Island Independent,,Charlie Munger's comments to an architecture trade publication came after the Berkshire Hathaway vice chairman endured widespread criticism over his design of a residence hall with few rooms with a window.  https://t.co/mLsvMcXJgA,en,[],['https://theindependent.com/news/local/education/munger-pushes-back-against-critics-of-planned-college-dorm/article_506d3248-5b47-596a-96bd-e0f3cd333204.html?utm_campaign=snd-autopilot&utm_medium=social&utm_source=twitter_theindependent'],[],0,1,1,[],[],https://twitter.com/theindependent/status/1457031291212288004,-0.2,0.1
30,1457031288968433664,1457031288968433664,2021-11-06 10:05:04 PDT,2021-11-06,10:05:04,-700,12663042,scj,Sioux City Journal,,Charlie Munger's comments to an architecture trade publication came after the Berkshire Hathaway vice chairman endured widespread criticism over his design of a residence hall with few rooms with a window.  https://t.co/KZtmcCjWS7,en,[],['https://siouxcityjournal.com/news/state-and-regional/munger-pushes-back-against-critics-of-planned-college-dorm/article_3b55e624-3abb-5b37-9db2-886630c1c600.html?utm_campaign=snd-autopilot&utm_medium=social&utm_source=twitter_scj'],[],0,1,1,[],[],https://twitter.com/scj/status/1457031288968433664,-0.2,0.1
31,1456713700920934409,1456713700920934409,2021-11-05 13:03:05 PDT,2021-11-05,13:03:05,-700,23987282,journalstarnews,Lincoln Journal Star,,Charlie Munger's comments to an architecture trade publication came after the Berkshire Hathaway vice chairman endured widespread criticism over his design of a residence hall with few rooms with a window.  https://t.co/HxrdJEBJAU,en,[],['https://journalstar.com/news/local/education/munger-pushes-back-against-critics-of-planned-college-dorm/article_f216f5ba-a5af-5aff-bc33-16ddbcf9ddfb.html?utm_campaign=snd-autopilot&utm_medium=social&utm_source=twitter_JournalStarNews'],[],0,0,0,[],[],https://twitter.com/JournalStarNews/status/1456713700920934409,-0.2,0.1
32,1456661397543264266,1456661397543264266,2021-11-05 09:35:15 PDT,2021-11-05,9:35:15,-700,46746957,amayajsmith,Amaya Smith,,Fascinating!!   A billionaire funder‚Äôs plan to build the largest dormitory in the world at UC Santa Barbara ignited a firestorm of criticism. But there‚Äôs an even bigger outrage outside Munger Hall.  https://t.co/KqzZ7Er5AG via @citylab,en,"[{'screen_name': 'citylab', 'name': 'bloomberg citylab', 'id': '331803536'}]",['https://www.bloomberg.com/news/articles/2021-11-02/what-critics-of-the-windowless-mega-dorm-are-missing'],[],0,1,1,[],[],https://twitter.com/amayajsmith/status/1456661397543264266,0.3333333333333333,0.46666666666666673
33,1456627360455823370,1456627360455823370,2021-11-05 07:20:00 PDT,2021-11-05,7:20:00,-700,225096034,themarysue,The Mary Sue,,Dennis McFadden called Munger Hall a ‚Äúsocial and psychological experiment.‚Äù   https://t.co/nNnxa7PL6r,en,[],['https://www.themarysue.com/architect-quits-in-protest-over-uc-santa-barbara-nightmare-dorm-proposal/'],[],0,3,5,[],[],https://twitter.com/TheMarySue/status/1456627360455823370,0.016666666666666666,0.08333333333333334
34,1456613268521463812,1456613268521463812,2021-11-05 06:24:00 PDT,2021-11-05,6:24:00,-700,15163577,owhnews,Omaha World-Herald,,"One of the biggest criticisms concerns the lack of exterior windows in 94% of the bedrooms, which will all be single-occupancy. The residence hall, referred to as Munger Hall, is projected to open in 2025.   More from @dan_crisler:  https://t.co/tNJCVlSnSi",en,"[{'screen_name': 'dan_crisler', 'name': 'dan crisler', 'id': '773250430646222848'}]",['https://omaha.com/business/local/munger-pushes-back-against-critics-of-planned-college-dorm/article_f8660aae-3cae-11ec-8ec9-b7f618e3f07d.html?utm_medium=social&utm_source=twitter_OWHnews'],[],0,1,1,[],[],https://twitter.com/OWHnews/status/1456613268521463812,0.25,0.5
35,1456454937466970117,1456343059046797324,2021-11-04 19:54:51 PDT,2021-11-04,19:54:51,-700,18105473,ucsantabarbara,UC Santa Barbara,,"@KaelenPerrochet As indicated in the Q&amp;A, Munger Hall will be provided with emergency generators that will continue to operate essential equipment in the event of a power outage.",en,[],[],[],6,0,0,[],[],https://twitter.com/ucsantabarbara/status/1456454937466970117,0.0,0.3
36,1456391691204714506,1456391691204714506,2021-11-04 15:43:32 PDT,2021-11-04,15:43:32,-700,15163577,owhnews,Omaha World-Herald,,Munger's comments were made to an architecture trade publication Monday. They came after the Berkshire Hathaway vice chairman endured widespread criticism over his design of a residence hall.   @dan_crisler¬†has more:  https://t.co/tNJCVlSnSi,en,"[{'screen_name': 'dan_crisler', 'name': 'dan crisler', 'id': '773250430646222848'}]",['https://omaha.com/business/local/munger-pushes-back-against-critics-of-planned-college-dorm/article_f8660aae-3cae-11ec-8ec9-b7f618e3f07d.html?utm_medium=social&utm_source=twitter_OWHnews'],[],1,0,1,[],[],https://twitter.com/OWHnews/status/1456391691204714506,0.5,0.5
37,1456343059046797324,1456343059046797324,2021-11-04 12:30:17 PDT,2021-11-04,12:30:17,-700,18105473,ucsantabarbara,UC Santa Barbara,,"As the Munger Hall project at #UCSB moves through a lengthy review and approval process, numerous questions have been raised about some of its novel design features. In consultation with the Architect of Record, the project team provides some clarity.  https://t.co/Co8zBPOBhj",en,[],['http://ow.ly/Umlq50GGrfP'],[],49,4,17,['ucsb'],[],https://twitter.com/ucsantabarbara/status/1456343059046797324,0.0,0.5
38,1456199551065464835,1456199551065464835,2021-11-04 03:00:02 PDT,2021-11-04,3:00:02,-700,225096034,themarysue,The Mary Sue,,Dennis McFadden called Munger Hall a ‚Äúsocial and psychological experiment.‚Äù   https://t.co/nNnxa7yaeT,en,[],['https://www.themarysue.com/architect-quits-in-protest-over-uc-santa-barbara-nightmare-dorm-proposal/'],[],0,3,7,[],[],https://twitter.com/TheMarySue/status/1456199551065464835,0.016666666666666666,0.08333333333333334
39,1456143699839160320,1456143699839160320,2021-11-03 23:18:06 PDT,2021-11-03,23:18:06,-700,34713362,business,Bloomberg,,A billionaire funder‚Äôs plan to build the largest dormitory in the world at UC Santa Barbara ignited a firestorm of criticism. But there‚Äôs an even bigger outrage outside Munger Hall.  https://t.co/anJgUX5lUj via @citylab,en,"[{'screen_name': 'citylab', 'name': 'bloomberg citylab', 'id': '331803536'}]",['https://trib.al/l29OEg3'],[],7,6,14,[],[],https://twitter.com/business/status/1456143699839160320,0.0,0.275
40,1456079120400531459,1456079120400531459,2021-11-03 19:01:29 PDT,2021-11-03,19:01:29,-700,331803536,citylab,Bloomberg CityLab,,"A billionaire funder's plan to build the largest dormitory in the world at UC Santa Barbara ignited a firestorm of criticism.  But there's an even bigger outrage outside Munger Hall, writes @mnolangray  https://t.co/gVsWEiqtBA",en,"[{'screen_name': 'mnolangray', 'name': 'm. nolan gray', 'id': '46818898'}]",['https://trib.al/jrN29lV'],[],4,5,20,[],[],https://twitter.com/CityLab/status/1456079120400531459,0.0,0.275
41,1456072317751103488,1456072317751103488,2021-11-03 18:34:27 PDT,2021-11-03,18:34:27,-700,20254657,daviddlevine,David D. Levine,,Thread from a geophysicist and UCSB alum about UCSB's horrific Munger Hall megadorm.,en,[],[],[],1,1,0,[],[],https://twitter.com/daviddlevine/status/1456072317751103488,-1.0,1.0
42,1456018352581713926,1456018352581713926,2021-11-03 15:00:01 PDT,2021-11-03,15:00:01,-700,225096034,themarysue,The Mary Sue,,Dennis McFadden called Munger Hall a ‚Äúsocial and psychological experiment.‚Äù  https://t.co/K3ZO3rTuHR,en,[],['https://www.themarysue.com/architect-quits-in-protest-over-uc-santa-barbara-nightmare-dorm-proposal/?utm_source=facebook&utm_medium=organic&utm_campaign=tms'],[],0,4,3,[],[],https://twitter.com/TheMarySue/status/1456018352581713926,0.016666666666666666,0.08333333333333334
43,1455973430327611392,1455941870928887809,2021-11-03 12:01:31 PDT,2021-11-03,12:01:31,-700,44562973,mikamckinnon,Mika McKinnon,,"All the future harm to students, all the reputational harm to @ucsantabarbara as they rightfully get called out for the inhumanity of Munger Hall, is for a pitiful $200 million.  The egotistical billionaire is only ponying up 10% of just expected build costs to play tyrant.",en,"[{'screen_name': 'ucsantabarbara', 'name': 'uc santa barbara', 'id': '18105473'}]",[],[],1,7,32,[],[],https://twitter.com/mikamckinnon/status/1455973430327611392,-0.03333333333333333,0.5083333333333333
44,1455971006066176005,1455971006066176005,2021-11-03 11:51:53 PDT,2021-11-03,11:51:53,-700,339816617,aliciavlozano,Alicia Victoria Lozano,,"üëÄ ‚ÄúThe basic concept of Munger Hall as a place for students to live is unsupportable from my perspective as an architect, a parent and a human being.""  https://t.co/CujHqcrxOb",en,[],['https://www.nbcnews.com/news/uc-santa-barbara-mega-dorm-munger-hall-rcna4401'],[],0,0,1,[],[],https://twitter.com/aliciavlozano/status/1455971006066176005,0.04545454545454545,0.24166666666666667
45,1455941870928887809,1455941870928887809,2021-11-03 09:56:06 PDT,2021-11-03,9:56:06,-700,44562973,mikamckinnon,Mika McKinnon,,"Every single time anything about @ucsantabarbara‚Äôs proposed Munger Hall crosses my timeline, I check this cruel, degrading, and dangerous monstrosity is real and not some sick parody.  @UCSB_CCS &amp; @UCSBPhysics: I üíú u but my alumna volunteering is done until Munger is canceled.",en,"[{'screen_name': 'ucsantabarbara', 'name': 'uc santa barbara', 'id': '18105473'}, {'screen_name': 'ucsb_ccs', 'name': 'ucsb college of creative studies', 'id': '843893818097246209'}, {'screen_name': 'ucsbphysics', 'name': 'ucsb physics', 'id': '525644676'}]",[],[],12,20,121,[],[],https://twitter.com/mikamckinnon/status/1455941870928887809,-0.4371428571428571,0.6542857142857144
46,1455897599060455435,1455894535989514243,2021-11-03 07:00:11 PDT,2021-11-03,7:00:11,-700,211004186,franciediep,Francie Diep,,".@KatherineMangan has more on the massive dorm at UCSB, including more comments from the donor-designer, Charlie Munger; what the county fire marshal thinks of the design; and interviews w/ residents of another Munger-designed residence hall:  https://t.co/YwKVEizcoV",en,"[{'screen_name': 'katherinemangan', 'name': 'katherine mangan', 'id': '576429873'}]",['https://www.chronicle.com/article/is-a-massive-dorm-project-inspired-and-revolutionary-or-billionaire-egomania'],[],1,3,2,[],[],https://twitter.com/franciediep/status/1455897599060455435,0.3333333333333333,0.6666666666666666
47,1455889184225435651,1455889184225435651,2021-11-03 06:26:45 PDT,2021-11-03,6:26:45,-700,236518540,dianabudds,Diana Budds,,"""Munger Hall is the ugly West Coast twin of Little Island."" this is a really good essay. i'm a former UC student too (go aggies!) and what's so heartbreaking about this dorm is how it so fully represents the erosion of an idealistic view of public higher education",en,[],[],[],2,3,18,[],[],https://twitter.com/DianaBudds/status/1455889184225435651,0.010416666666666666,0.4444444444444445
48,1455811001501339651,1455811001501339651,2021-11-03 01:16:05 PDT,2021-11-03,1:16:05,-700,588261604,bloombergasia,Bloomberg Asia,,A billionaire funder‚Äôs plan to build the largest dormitory in the world at UC Santa Barbara ignited a firestorm of criticism. But there‚Äôs an even bigger outrage outside Munger Hall.  https://t.co/ImI3dBNRF2 via @citylab,en,"[{'screen_name': 'citylab', 'name': 'bloomberg citylab', 'id': '331803536'}]",['https://trib.al/t5f3kZ7'],[],1,0,1,[],[],https://twitter.com/BloombergAsia/status/1455811001501339651,0.0,0.275
49,1455788353362726915,1455788353362726915,2021-11-02 23:46:05 PDT,2021-11-02,23:46:05,-700,34713362,business,Bloomberg,,A billionaire funder‚Äôs plan to build the largest dormitory in the world at UC Santa Barbara ignited a firestorm of criticism. But there‚Äôs an even bigger outrage outside Munger Hall.  https://t.co/dU2gqpCxSY via @citylab,en,"[{'screen_name': 'citylab', 'name': 'bloomberg citylab', 'id': '331803536'}]",['https://trib.al/44AUQwI'],[],4,4,16,[],[],https://twitter.com/business/status/1455788353362726915,0.0,0.275
50,1455754415256780804,1455754415256780804,2021-11-02 21:31:13 PDT,2021-11-02,21:31:13,-700,773250430646222848,dan_crisler,Dan Crisler,,Interesting interview with Charlie Munger by Architectural Record on his proposed and controversial residence hall at UCSB:   https://t.co/a5N9oqdQGC,en,[],['https://www.architecturalrecord.com/articles/15378-exclusive-interview-with-billionaire-charlie-munger-on-controversial-ucsb-dorm'],[],0,0,0,[],[],https://twitter.com/dan_crisler/status/1455754415256780804,0.525,0.725
51,1455575526521942021,1455575526521942021,2021-11-02 09:40:23 PDT,2021-11-02,9:40:23,-700,14634720,treehugger,Treehugger.com,,Thousands of students warehoused between an airport and a hazardous waste collection centre. It's the Munger (Hall) Games!  https://t.co/T0zIfufZqF @lloydalter  @ucsantabarbara  https://t.co/uEVASf6N7R,en,"[{'screen_name': 'lloydalter', 'name': 'lloyd alter', 'id': '7272252'}, {'screen_name': 'ucsantabarbara', 'name': 'uc santa barbara', 'id': '18105473'}]",['https://bit.ly/3bBH6dX'],['https://pbs.twimg.com/media/FDM-OU3XEAQBILh.jpg'],3,2,11,[],[],https://twitter.com/Treehugger/status/1455575526521942021,0.175,0.45
52,1455572686852268035,1455572686852268035,2021-11-02 09:29:06 PDT,2021-11-02,9:29:06,-700,331803536,citylab,Bloomberg CityLab,,"A billionaire funder's plan to build the largest dormitory in the world at UC Santa Barbara ignited a firestorm of criticism.  But there's an even bigger outrage outside Munger Hall, writes @mnolangray  https://t.co/8YMHoJI6Dt",en,"[{'screen_name': 'mnolangray', 'name': 'm. nolan gray', 'id': '46818898'}]",['https://trib.al/lVaKxxo'],[],0,2,7,[],[],https://twitter.com/CityLab/status/1455572686852268035,0.0,0.275
53,1455564050709032962,1455564050709032962,2021-11-02 08:54:47 PDT,2021-11-02,8:54:47,-700,1356625999115468800,bbgequality,Bloomberg Equality,,A billionaire funder‚Äôs plan to build the largest dormitory in the world at UC Santa Barbara ignited a firestorm of criticism. But there‚Äôs an even bigger outrage outside Munger Hall  https://t.co/31acGcxy7Q via @citylab,en,"[{'screen_name': 'citylab', 'name': 'bloomberg citylab', 'id': '331803536'}]",['https://trib.al/9pBjXkx'],[],0,0,0,[],[],https://twitter.com/BBGEquality/status/1455564050709032962,0.0,0.275
54,1455316176037318657,1455316174183403524,2021-11-01 16:29:49 PDT,2021-11-01,16:29:49,-700,16664681,latimes,Los Angeles Times,,"""Munger Hall is an answer to the housing shortage and growth pressures currently facing the university. It is also... a misguided experiment that will affect the health and safety of multiple generations of undergraduates,"" wrote architect Dennis McFadden.  https://t.co/eXwYOQ49e2",en,[],['https://www.latimes.com/opinion/story/2021-11-01/ucsb-megadorm-santa-barbara-charles-munger-design'],[],75,222,1315,[],[],https://twitter.com/latimes/status/1455316176037318657,0.0,0.2
55,1455303914987958288,1455303914987958288,2021-11-01 15:41:06 PDT,2021-11-01,15:41:06,-700,15163577,owhnews,Omaha World-Herald,,"Plans for Munger Hall at UC Santa Barbara call for amenities like a landscaped courtyard, a gastro pub, reading rooms and fitness centers, but 94% of the bedrooms would not have an exterior window.  https://t.co/czscXLn62P",en,[],['https://omaha.com/business/local/huge-11-story-college-dorm-designed-by-berkshire-hathaways-charlie-munger-draws-criticism/article_6a8ae620-39d7-11ec-a1df-279a3f40dd58.html?utm_campaign=snd-autopilot&utm_medium=social&utm_source=twitter_OWHnews'],[],3,1,1,[],[],https://twitter.com/OWHnews/status/1455303914987958288,0.0,0.0
56,1455284014886137865,1455284014886137865,2021-11-01 14:22:01 PDT,2021-11-01,14:22:01,-700,16045268,insidehighered,Inside Higher Ed,,"A prominent architect has quit the UC Santa Barbara‚Äôs Design Review Committee to protest the proposed Munger Hall project, calling the mostly windowless dormitory plan ‚Äúunsupportable from my perspective as an architect, a parent, and a human being.‚Äù  https://t.co/jkx0abxFUF  https://t.co/mhCMX0PhXS",en,[],['https://bit.ly/2Y3IR0o'],['https://pbs.twimg.com/media/FDI1GK0XEAcgjPa.jpg'],2,0,8,[],[],https://twitter.com/insidehighered/status/1455284014886137865,0.3333333333333333,0.5333333333333333
57,1454569268859838464,1454569268859838464,2021-10-30 15:01:52 PDT,2021-10-30,15:01:52,-700,18105473,ucsantabarbara,UC Santa Barbara,,"In July, the UCSB Current outlined plans for Munger Hall, a transformational project to address the campus's great need for more student housing. Learn more about the accommodations, amenities, and overall residential experience:  https://t.co/ZcUfe2NhfK  https://t.co/4iQBkR8Gjh",en,[],['http://ow.ly/SFIY50GBOGM'],['https://pbs.twimg.com/media/FC-rCqkX0AQQ9zk.jpg'],138,8,39,[],[],https://twitter.com/ucsantabarbara/status/1454569268859838464,0.36,0.43
58,1454551185722011650,1454551185722011650,2021-10-30 13:50:01 PDT,2021-10-30,13:50:01,-700,519241901,glid24,John Glidden ‚òÄÔ∏è,,Windows are expensive.  ‚ÄúMunger Hall is expected to cost more than $1 billion and will be partly funded by Mr. Munger. It is scheduled to open in 2025.‚Äù  https://t.co/ciAsqWkVpl,en,[],['https://www.nytimes.com/2021/10/30/us/charlie-munger-ucsb-dorms.html'],[],1,0,0,[],[],https://twitter.com/glid24/status/1454551185722011650,-0.024999999999999994,0.525
59,1454495674150445059,1454495674150445059,2021-10-30 10:09:26 PDT,2021-10-30,10:09:26,-700,412146250,seungylee14,"sick public transit, gloria",,would the prison dorm be an easier sell if it wasn‚Äôt called Munger Hall,en,[],[],[],1,1,10,[],[],https://twitter.com/seungylee14/status/1454495674150445059,0.0,0.0
60,1454432231263555584,1454432231263555584,2021-10-30 05:57:20 PDT,2021-10-30,5:57:20,-700,24500377,xor,Parker Higgins,,just saw how big the surfboard room is at munger hall and now im a convert  https://t.co/9TOPKoQXcV,en,[],[],['https://pbs.twimg.com/media/FC8uZ7tXoAABZSF.jpg'],6,1,46,[],[],https://twitter.com/xor/status/1454432231263555584,0.0,0.1
61,1454392741564198916,1454392741564198916,2021-10-30 03:20:25 PDT,2021-10-30,3:20:25,-700,438704544,ziadmdaoud,Ziad Daoud,,"Charlie Munger has long dabbled in architecture. His donations often come with the catch that he‚Äôll play a hand in how the buildings look. The blueprints for ‚ÄúMunger Hall‚Äù call for a dormitory to house 4,500 students with 94% of the rooms lacking windows.  https://t.co/bQUj8iKQ73",en,[],['https://www.bloomberg.com/news/articles/2021-10-29/charlie-munger-defends-design-for-dorm-bashed-by-architect'],[],1,0,4,[],[],https://twitter.com/ZiadMDaoud/status/1454392741564198916,-0.05,0.4
62,1454258359557771271,1454253819315953664,2021-10-29 18:26:26 PDT,2021-10-29,18:26:26,-700,158274483,mbrookerhk,Matthew Brooker,,"@antd Um, apart from everything else, doesn‚Äôt this shout ‚Äúfire risk‚Äù?  ‚ÄúMunger Hall, in comparison, is a single block housing 4,500 students with two entrances,‚Äù McFadden said, and would qualify as the eighth densest neighborhood on the planet, falling just short of Dhaka, Bangladesh‚Äù",en,[],[],[],2,1,5,[],[],https://twitter.com/mbrookerhk/status/1454258359557771271,-0.03571428571428571,0.2571428571428571
63,1454253565250265096,1454253565250265096,2021-10-29 18:07:23 PDT,2021-10-29,18:07:23,-700,16369805,maxkennerly,Max Kennerly,,"I saw the UCSB Munger Hall thing cross my timeline several times but hadn't read the article. It is stunningly inhumane, a building designed to induce depression, to provoke and enable violence, and to be inescapable in an emergency.  https://t.co/BvWESH4MlS",en,[],[],"['https://pbs.twimg.com/media/FC6Jcs7X0AIubDO.jpg', 'https://pbs.twimg.com/media/FC6Jv_2WYAIrhZ7.png']",38,57,228,[],[],https://twitter.com/MaxKennerly/status/1454253565250265096,-0.3,0.3
64,1454246123774742529,1454246123774742529,2021-10-29 17:37:49 PDT,2021-10-29,17:37:49,-700,126816712,rover829,Vincent Lee,,"Bloomberg: The blueprints for ‚ÄúMunger Hall‚Äù call for an 11-story building that could house 4,500 students at the University of California, Santa Barbara, with 94% of the single-occupancy rooms lacking windows, according to the Santa Barbara Independent.   https://t.co/fhxvTRSb3v",en,[],['https://bloom.bg/2Y1fiwA'],[],37,20,50,[],[],https://twitter.com/Rover829/status/1454246123774742529,0.0,0.125
65,1454204376629727237,1454204372397613056,2021-10-29 14:51:55 PDT,2021-10-29,14:51:55,-700,36511031,sfgate,SFGATE,,"The building, known as Munger Hall, would be 11 stories and house 4,500 students. Munger would donate $200 million to the project under the condition that it upholds the blueprint he designed to the letter, without any revisions.   Read more:  https://t.co/IZlA4jBZdY  https://t.co/tcvNFwG8ho",en,[],['https://bit.ly/3156vL6'],['https://pbs.twimg.com/media/FC5fHhXVUAEH2W4.jpg'],0,1,6,[],[],https://twitter.com/SFGate/status/1454204376629727237,0.5,0.5
66,1454170642966847493,1454170642966847493,2021-10-29 12:37:53 PDT,2021-10-29,12:37:53,-700,17655090,ericagrieder,EricaGrieder,,"‚ÄúA consulting architect on UCSB‚Äôs Design Review Committee has quit his post in protest over the university‚Äôs proposed Munger Hall project, calling the massive, mostly-windowless dormitory plan ‚Äúunsupportable from my perspective as an architect, a parent, and a human being.‚Äù‚Äù",en,[],[],[],0,0,1,[],[],https://twitter.com/EricaGrieder/status/1454170642966847493,0.0,0.55
67,1454142849885347840,1454140564924878848,2021-10-29 10:47:26 PDT,2021-10-29,10:47:26,-700,17991281,heathat,Heather Timmons,,"@ClaraJeffery ‚ÄúEntrances‚Äù ‚Ä¶. Munger Hall‚Ä¶is a single block housing 4,500 students with two entrances, McFadden said, and would qualify as the eighth densest neighborhood on the planet  That can‚Äôt be to code @EliasonMike ?",en,"[{'screen_name': 'eliasonmike', 'name': 'sbcfireinfo', 'id': '450303345'}]",[],[],0,0,0,[],[],https://twitter.com/HeathaT/status/1454142849885347840,-0.07142857142857142,0.21428571428571427
68,1454138699008987140,1454138699008987140,2021-10-29 10:30:57 PDT,2021-10-29,10:30:57,-700,465163384,natasha_chandel,Natasha Chandel,,"The graduating classes of UCSB, after living in Munger Hall with no windows.  https://t.co/azZgETYrZs",en,[],[],['https://pbs.twimg.com/media/FC4jb4lVEAMVxBi.jpg'],5,3,41,[],[],https://twitter.com/Natasha_Chandel/status/1454138699008987140,0.0,0.0
69,1454138514384293893,1454138120199417861,2021-10-29 10:30:13 PDT,2021-10-29,10:30:13,-700,25934849,klawls,Kelly Lawler,,"Munger Hall ""would qualify as the eighth densest neighborhood on the planet, falling just short of Dhaka, Bangladesh. It would be able to house Princeton University‚Äôs entire undergraduate population, or all five Claremont Colleges.""",en,[],[],[],1,0,1,[],[],https://twitter.com/klawls/status/1454138514384293893,0.16666666666666666,0.5166666666666667
70,1454129211954716679,1454129211954716679,2021-10-29 09:53:15 PDT,2021-10-29,9:53:15,-700,14816854,katiebakes,katiebakes,,pretty sad that the timing won't line up for Heather Gay's daughter to live in Munger Hall,en,[],[],[],0,0,5,[],[],https://twitter.com/katiebakes/status/1454129211954716679,0.07575757575757576,0.7708333333333334
71,1454125133065506822,1454125133065506822,2021-10-29 09:37:02 PDT,2021-10-29,9:37:02,-700,3171906881,nickatnews,Nicholas Bogel-Burroughs,,"Architect resigns in protest: ""Munger Hall as a place for students to live is unsupportable from my perspective as an architect, a parent and a human being.""  UCSB: ""We are delighted to be moving forward with this transformational project.""  By @asumishuda  https://t.co/Rg2ZNfqlfH",en,"[{'screen_name': 'asumishuda', 'name': 'asumi shuda', 'id': '1385371898045816834'}]",['https://dailynexus.com/2021-10-28/munger-halls-architectural-consultant-resigns-in-protest-of-its-construction/'],[],4,25,43,[],[],https://twitter.com/NickAtNews/status/1454125133065506822,0.27878787878787875,0.4333333333333333
72,1454123740606914563,1454123740606914563,2021-10-29 09:31:30 PDT,2021-10-29,9:31:30,-700,38232102,aawayne,Alex Wayne,,"‚ÄúMunger Hall, in comparison, is a single block housing 4,500 students with two entrances,‚Äù McFadden said, and would qualify as the eighth densest neighborhood on the planet, falling just short of Dhaka, Bangladesh.  https://t.co/iE0iYFzrWX",en,[],['https://www.independent.com/2021/10/28/architect-resigns-in-protest-over-ucsb-mega-dorm/'],[],1,2,3,[],[],https://twitter.com/aawayne/status/1454123740606914563,-0.03571428571428571,0.2571428571428571
73,1454095304463114245,1454094952439418881,2021-10-29 07:38:31 PDT,2021-10-29,7:38:31,-700,103016675,aaronmehta,Aaron Mehta,,"‚ÄúMunger Hall, in comparison, is a single block housing 4,500 students with two entrances,‚Äù McFadden said, and would qualify as the eighth densest neighborhood on the planet, falling just short of Dhaka, Bangladesh""",en,[],[],[],0,0,3,[],[],https://twitter.com/AaronMehta/status/1454095304463114245,-0.03571428571428571,0.2571428571428571
74,1454037475668762629,1454037475668762629,2021-10-29 03:48:43 PDT,2021-10-29,3:48:43,-700,72389498,jensmithnyc,Jennifer Smith,,"‚ÄúMunger Hall, in comparison, is a single block housing 4,500 students with two entrances,‚Äù McFadden said, and would qualify as the eighth densest neighborhood on the planet, falling just short of Dhaka, Bangladesh.  https://t.co/27XGozZwED",en,[],['https://www.independent.com/2021/10/28/architect-resigns-in-protest-over-ucsb-mega-dorm/'],[],1,1,1,[],[],https://twitter.com/JenSmithNYC/status/1454037475668762629,-0.03571428571428571,0.2571428571428571
75,1453937945128280070,1453937945128280070,2021-10-28 21:13:13 PDT,2021-10-28,21:13:13,-700,16194566,michaelroston,Michael Roston,,"‚Äú‚ÄùMunger Hall, in comparison, is a single block housing 4,500 students with two entrances,‚Äù McFadden said, and would qualify as the eighth densest neighborhood on the planet, falling just short of Dhaka, Bangladesh.‚Äù  https://t.co/vXyZPngAMY",en,[],['https://www.independent.com/2021/10/28/architect-resigns-in-protest-over-ucsb-mega-dorm/'],[],48,55,172,[],[],https://twitter.com/michaelroston/status/1453937945128280070,-0.03571428571428571,0.2571428571428571
76,1453903146606944271,1453902391317712896,2021-10-28 18:54:57 PDT,2021-10-28,18:54:57,-700,180159310,leapingrobot,Patrick McCray,,"Munger Hall is a single block housing 4,500 students with two entrances and would qualify as the eighth densest neighborhood on the planet, falling just short of Dhaka, Bangladesh. It would be able to house Princeton University‚Äôs entire undergraduate population.",en,[],[],[],1,0,0,[],[],https://twitter.com/LeapingRobot/status/1453903146606944271,0.10714285714285715,0.44107142857142856
77,1433293827691925517,1432646687198044164,2021-09-01 22:00:52 PDT,2021-09-01,22:00:52,-700,2579558348,indiapostoffice,India Post,,@sasi05manipal As per reply received from SPOs Munger There are three ceiling fans are available as per space in public hall of Jamui HO and all are in working condition.,en,[],[],[],0,0,0,[],[],https://twitter.com/IndiaPostOffice/status/1433293827691925517,0.2,0.23333333333333334
78,1433017206674165763,1432646687198044164,2021-09-01 03:41:40 PDT,2021-09-01,3:41:40,-700,2579558348,indiapostoffice,India Post,,@sasi05manipal As per reply received by SPOs Munger Respected Sir There are three ceiling fans are available as per space in public hall of Jamui HO and all are in working condition.,en,[],[],[],1,0,0,[],[],https://twitter.com/IndiaPostOffice/status/1433017206674165763,0.2,0.23333333333333334
79,1420474373140537351,1420474373140537351,2021-07-28 13:00:56 PDT,2021-07-28,13:00:56,-700,18105473,ucsantabarbara,UC Santa Barbara,,"#UCSB is preparing to build a new residence hall. Munger Hall will fulfill the university‚Äôs commitment to provide not only more student housing, but housing that is both better and more affordable for students.  https://t.co/MURf9GCqZg",en,[],['http://ow.ly/jz0B50FFG96'],[],3,8,41,['ucsb'],[],https://twitter.com/ucsantabarbara/status/1420474373140537351,0.32727272727272727,0.5909090909090909
